I,II,III,aVR,aVL,aVF,V1,V2,V3,V4,V5,V6
-25.2821,-5.216,-2.7167,,,,,,,,,
-25.2821,-5.216,-2.7167,,,,,,,,,
-26.524,-5.3267,-2.7743,,,,,,,,,
-26.6645,-5.328,-2.775,,,,,,,,,
-26.817,-5.328,-2.775,,,,,,,,,
-27.3684,-5.328,-2.775,,,,,,,,,
-27.1618,-5.328,-2.775,,,,,,,,,
-26.7847,-5.328,-2.775,,,,,,,,,
-26.6958,-5.328,-2.775,,,,,,,,,
-26.595,-5.328,-2.775,,,,,,,,,
-26.1547,-5.328,-2.775,,,,,,,,,
-25.96,-5.328,-2.775,,,,,,,,,
-25.7816,-5.328,-2.775,,,,,,,,,
-24.5828,-5.291,-2.7557,,,,,,,,,
-24.2985,-5.2512,-2.735,,,,,,,,,
-24.0711,-5.2114,-2.7143,,,,,,,,,
-23.2362,-5.0772,-2.6444,,,,,,,,,
-22.9224,-5.0279,-2.6187,,,,,,,,,
-22.2996,-4.902,-2.5531,,,,,,,,,
-21.3169,-4.8096,-2.505,,,,,,,,,
-20.9554,-4.7363,-2.4668,,,,,,,,,
-19.9533,-4.5028,-2.3452,,,,,,,,,
-19.2156,-4.3112,-2.2454,,,,,,,,,
-18.8611,-4.2186,-2.1972,,,,,,,,,
-17.8255,-3.9803,-2.0731,,,,,,,,,
-17.4031,-3.8892,-2.0256,,,,,,,,,
-17.119,-3.8187,-1.9889,,,,,,,,,
-15.4734,-3.4429,-1.7932,,,,,,,,,
-14.9427,-3.3156,-1.7269,,,,,,,,,
-14.3844,-3.1706,-1.6514,,,,,,,,,
-13.6664,-3.0182,-1.572,,,,,,,,,
-13.3066,-2.946,-1.5344,,,,,,,,,
-12.6074,-2.7662,-1.4407,,,,,,,,,
-11.6508,-2.5269,-1.3161,,,,,,,,,
-11.2964,-2.4349,-1.2682,,,,,,,,,
-10.6621,-2.2578,-1.1759,,,,,,,,,
-10.3501,-2.1843,-1.1376,,,,,,,,,
-10.1461,-2.1382,-1.1136,,,,,,,,,
-9.4007,-1.9278,-1.0041,,,,,,,,,
-9.0658,-1.8285,-0.9524,,,,,,,,,
-8.9071,-1.779,-0.9266,,,,,,,,,
-8.205,-1.5722,-0.8189,,,,,,,,,
-7.8832,-1.4816,-0.7717,,,,,,,,,
-7.5371,-1.3937,-0.7259,,,,,,,,,
-7.1867,-1.2843,-0.6689,,,,,,,,,
-7.0075,-1.2263,-0.6387,,,,,,,,,
-6.7101,-1.1336,-0.5904,,,,,,,,,
-6.2034,-0.9754,-0.508,,,,,,,,,
-5.977,-0.9048,-0.4713,,,,,,,,,
-5.6722,-0.827,-0.4307,,,,,,,,,
-5.491,-0.7829,-0.4078,,,,,,,,,
-5.4071,-0.7647,-0.3983,,,,,,,,,
-5.1687,-0.6758,-0.352,,,,,,,,,
-5.0412,-0.6344,-0.3304,,,,,,,,,
-4.9548,-0.621,-0.3234,,,,,,,,,
-4.8704,-0.605,-0.3151,,,,,,,,,
-4.8113,-0.5946,-0.3097,,,,,,,,,
-4.7431,-0.5812,-0.3027,,,,,,,,,
-4.6666,-0.5493,-0.2861,,,,,,,,,
-4.6241,-0.5307,-0.2764,,,,,,,,,
-4.5313,-0.5123,-0.2668,,,,,,,,,
-4.4705,-0.4988,-0.2598,,,,,,,,,
-4.4285,-0.4908,-0.2556,,,,,,,,,
-4.3611,-0.4778,-0.2488,,,,,,,,,
-4.3171,-0.4669,-0.2432,,,,,,,,,
-4.2916,-0.459,-0.2391,,,,,,,,,
-4.2661,-0.4461,-0.2323,,,,,,,,,
-4.2406,-0.4351,-0.2266,,,,,,,,,
-4.2151,-0.4271,-0.2225,,,,,,,,,
-4.1741,-0.4192,-0.2183,,,,,,,,,
-4.1385,-0.4112,-0.2142,,,,,,,,,
-4.113,-0.3985,-0.2076,,,,,,,,,
-4.0875,-0.3873,-0.2017,,,,,,,,,
-4.062,-0.3793,-0.1976,,,,,,,,,
-4.0218,-0.3714,-0.1934,,,,,,,,,
-3.9708,-0.3634,-0.1893,,,,,,,,,
-3.9343,-0.3555,-0.1851,,,,,,,,,
-3.8801,-0.3386,-0.1764,,,,,,,,,
-3.832,-0.3236,-0.1685,,,,,,,,,
-3.7644,-0.3069,-0.1598,,,,,,,,,
-3.6902,-0.2873,-0.1497,,,,,,,,,
-3.6392,-0.2757,-0.1436,,,,,,,,,
-3.5882,-0.2678,-0.1395,,,,,,,,,
-3.5104,-0.2556,-0.1331,,,,,,,,,
-3.4483,-0.2439,-0.127,,,,,,,,,
-3.3571,-0.2277,-0.1186,,,,,,,,,
-3.2561,-0.2119,-0.1104,,,,,,,,,
-3.2051,-0.204,-0.1062,,,,,,,,,
-3.116,-0.1802,-0.0938,,,,,,,,,
-3.0387,-0.1522,-0.0793,,,,,,,,,
-3.0008,-0.1401,-0.073,,,,,,,,,
-2.8518,-0.1169,-0.0609,,,,,,,,,
-2.6937,-0.0922,-0.048,,,,,,,,,
-2.6308,-0.0768,-0.04,,,,,,,,,
-2.5307,-0.0456,-0.0237,,,,,,,,,
-2.4382,-0.0204,-0.0106,,,,,,,,,
-2.3066,0.0056,0.0029,,,,,,,,,
-2.0885,0.0462,0.0241,,,,,,,,,
-1.9519,0.071,0.037,,,,,,,,,
-1.8566,0.0973,0.0507,,,,,,,,,
-1.7474,0.1268,0.0661,,,,,,,,,
-1.6964,0.1427,0.0743,,,,,,,,,
-1.5284,0.1819,0.0947,,,,,,,,,
-1.3019,0.2305,0.1201,,,,,,,,,
-1.1737,0.2594,0.1351,,,,,,,,,
-1.0003,0.3007,0.1566,,,,,,,,,
-0.903,0.3263,0.1699,,,,,,,,,
-0.8124,0.3545,0.1847,,,,,,,,,
-0.6497,0.3992,0.2079,,,,,,,,,
-0.5096,0.43,0.224,,,,,,,,,
-0.2912,0.4784,0.2492,,,,,,,,,
0.0279,0.5498,0.2864,,,,,,,,,
0.0953,0.5657,0.2946,,,,,,,,,
0.2274,0.6013,0.3132,,,,,,,,,
0.4369,0.6535,0.3404,,,,,,,,,
0.5046,0.6694,0.3487,,,,,,,,,
0.7015,0.7175,0.3737,,,,,,,,,
1.0509,0.7973,0.4152,,,,,,,,,
1.1688,0.8209,0.4276,,,,,,,,,
1.3565,0.8658,0.4509,,,,,,,,,
1.4775,0.909,0.4734,,,,,,,,,
1.552,0.9322,0.4855,,,,,,,,,
1.718,0.9792,0.51,,,,,,,,,
1.9125,1.0287,0.5358,,,,,,,,,
2.0153,1.0608,0.5525,,,,,,,,,
2.1867,1.1165,0.5815,,,,,,,,,
2.2122,1.1324,0.5898,,,,,,,,,
2.2586,1.157,0.6026,,,,,,,,,
2.3401,1.1941,0.6219,,,,,,,,,
2.3656,1.2042,0.6272,,,,,,,,,
2.4107,1.2262,0.6386,,,,,,,,,
,1.256,,2.4872,1.0,0.6542,,,,,,
,1.2599,,2.4872,1.0,0.6562,,,,,,
,1.2739,,2.4872,1.0,0.6635,,,,,,
,1.28,,2.4872,1.0,0.6667,,,,,,
,1.2854,,2.4698,0.993,0.6695,,,,,,
,1.2987,,2.4046,0.9668,0.6764,,,,,,
,1.28,,2.3791,0.9566,0.6667,,,,,,
,1.2733,,2.3216,0.9334,0.6632,,,,,,
,1.2464,,2.1743,0.8742,0.6492,,,,,,
,1.2384,,2.1437,0.8619,0.645,,,,,,
,1.2228,,2.0535,0.8256,0.6369,,,,,,
,1.1825,,1.8319,0.7365,0.6159,,,,,,
,1.1616,,1.7047,0.6854,0.605,,,,,,
,1.089,,1.3701,0.5509,0.5672,,,,,,
,1.052,,1.1622,0.4673,0.5479,,,,,,
,1.0242,,1.0353,0.4162,0.5334,,,,,,
,0.9752,,0.7803,0.3137,0.5079,,,,,,
,0.9244,,0.5486,0.2206,0.4814,,,,,,
,0.8773,,0.3498,0.1406,0.4569,,,,,,
,0.7155,,-0.3256,-0.1309,0.3727,,,,,,
,0.6837,,-0.4531,-0.1822,0.3561,,,,,,
,0.6437,,-0.6167,-0.2479,0.3353,,,,,,
,0.5561,,-0.99,-0.3981,0.2896,,,,,,
,0.5168,,-1.1504,-0.4625,0.2692,,,,,,
,0.4187,,-1.5668,-0.63,0.2181,,,,,,
,0.3086,,-2.0108,-0.8085,0.1607,,,,,,
,0.2736,,-2.1255,-0.8546,0.1425,,,,,,
,0.2093,,-2.3574,-0.9478,0.109,,,,,,
,0.1419,,-2.601,-1.0458,0.0739,,,,,,
,0.1062,,-2.7707,-1.114,0.0553,,,,,,
,-0.0498,,-3.3649,-1.3529,-0.026,,,,,,
,-0.0737,,-3.4432,-1.3844,-0.0384,,,,,,
,-0.1022,,-3.5568,-1.4301,-0.0533,,,,,,
,-0.1934,,-3.8266,-1.5385,-0.1007,,,,,,
,-0.2169,,-3.9272,-1.579,-0.1129,,,,,,
,-0.2377,,-4.0196,-1.6161,-0.1238,,,,,,
,-0.353,,-4.4124,-1.7741,-0.1839,,,,,,
,-0.3775,,-4.469,-1.7968,-0.1966,,,,,,
,-0.418,,-4.6714,-1.8782,-0.2177,,,,,,
,-0.4804,,-4.8218,-1.9387,-0.2502,,,,,,
,-0.4968,,-4.8738,-1.9596,-0.2587,,,,,,
,-0.5364,,-4.9761,-2.0007,-0.2794,,,,,,
,-0.5681,,-5.103,-2.0517,-0.2959,,,,,,
,-0.5841,,-5.1544,-2.0724,-0.3042,,,,,,
,-0.6557,,-5.4348,-2.1851,-0.3415,,,,,,
,-0.6639,,-5.4613,-2.1958,-0.3458,,,,,,
,-0.6719,,-5.4868,-2.206,-0.3499,,,,,,
,-0.7112,,-5.5876,-2.2466,-0.3704,,,,,,
,-0.7276,,-5.6147,-2.2575,-0.3789,,,,,,
,-0.7435,,-5.6898,-2.2877,-0.3872,,,,,,
,-0.7825,,-5.8156,-2.3382,-0.4075,,,,,,
,-0.7916,,-5.845,-2.3501,-0.4123,,,,,,
,-0.8072,,-5.8949,-2.3701,-0.4204,,,,,,
,-0.8231,,-5.9217,-2.3809,-0.4287,,,,,,
,-0.8315,,-5.9471,-2.3911,-0.4331,,,,,,
,-0.8395,,-5.9966,-2.411,-0.4372,,,,,,
,-0.8474,,-6.0238,-2.4219,-0.4414,,,,,,
,-0.8554,,-6.0493,-2.4322,-0.4455,,,,,,
,-0.8633,,-6.0748,-2.4424,-0.4496,,,,,,
,-0.8713,,-6.1003,-2.4527,-0.4538,,,,,,
,-0.8792,,-6.1258,-2.4629,-0.4579,,,,,,
,-0.8872,,-6.1512,-2.4732,-0.4621,,,,,,
,-0.888,,-6.1538,-2.4742,-0.4625,,,,,,
,-0.8951,,-6.1766,-2.4834,-0.4662,,,,,,
,-0.896,,-6.1795,-2.4845,-0.4667,,,,,,
,-0.903,,-6.2019,-2.4936,-0.4703,,,,,,
,-0.911,,-6.2051,-2.4948,-0.4745,,,,,,
,-0.912,,-6.2273,-2.5038,-0.475,,,,,,
,-0.912,,-6.2308,-2.5052,-0.475,,,,,,
,-0.9188,,-6.2526,-2.5139,-0.4786,,,,,,
,-0.92,,-6.2564,-2.5155,-0.4792,,,,,,
,-0.92,,-6.2564,-2.5155,-0.4792,,,,,,
,-0.92,,-6.2564,-2.5155,-0.4792,,,,,,
,-0.92,,-6.2564,-2.5155,-0.4792,,,,,,
,-0.92,,-6.2564,-2.5155,-0.4792,,,,,,
,-0.92,,-6.2564,-2.5155,-0.4792,,,,,,
,-0.92,,-6.2564,-2.5155,-0.4792,,,,,,
,-0.92,,-6.2564,-2.5155,-0.4792,,,,,,
,-0.92,,-6.2564,-2.5155,-0.4792,,,,,,
,-0.92,,-6.2564,-2.5155,-0.4792,,,,,,
,-0.92,,-6.2564,-2.5155,-0.4792,,,,,,
,-0.92,,-6.2564,-2.5155,-0.4792,,,,,,
,-0.92,,-6.2564,-2.5155,-0.4792,,,,,,
,-0.92,,-6.2564,-2.5155,-0.4792,,,,,,
,-0.92,,-6.2564,-2.5155,-0.4792,,,,,,
,-0.92,,-6.2564,-2.5155,-0.4792,,,,,,
,-0.92,,-6.2564,-2.5155,-0.4792,,,,,,
,-0.92,,-6.2564,-2.5155,-0.4792,,,,,,
,-0.92,,-6.2564,-2.5155,-0.4792,,,,,,
,-0.92,,-6.2564,-2.5155,-0.4792,,,,,,
,-0.92,,-6.2564,-2.5155,-0.4792,,,,,,
,-0.92,,-6.2564,-2.5155,-0.4792,,,,,,
,-0.92,,-6.2564,-2.5155,-0.4792,,,,,,
,-0.92,,-6.2564,-2.5155,-0.4792,,,,,,
,-0.92,,-6.2564,-2.5155,-0.4792,,,,,,
,-0.92,,-6.2564,-2.5155,-0.4792,,,,,,
,-0.92,,-6.2564,-2.5155,-0.4792,,,,,,
,-0.92,,-6.2564,-2.5155,-0.4849,,,,,,
,-0.92,,-6.2564,-2.5155,-0.4818,,,,,,
,-0.92,,-6.2564,-2.5155,-0.4792,,,,,,
,-0.92,,-6.2564,-2.5155,-0.4792,,,,,,
,-0.92,,-6.2564,-2.5155,-0.4792,,,,,,
,-0.92,,-6.2564,-2.5155,-0.4792,,,,,,
,-0.92,,-6.2564,-2.5155,-0.4792,,,,,,
,-0.92,,-6.2564,-2.5155,-0.4792,,,,,,
,-0.92,,-6.2564,-2.5155,-0.4792,,,,,,
,-0.92,,-6.2564,-2.5155,-0.4792,,,,,,
,-0.92,,-6.2564,-2.5155,-0.4792,,,,,,
,-0.92,,-6.2564,-2.5155,-0.4792,,,,,,
,-0.92,,-6.2564,-2.5155,-0.4792,,,,,,
,-0.92,,-6.2564,-2.5155,-0.4792,,,,,,
,-0.92,,-6.2564,-2.5155,-0.4792,,,,,,
,-0.92,,-6.2564,-2.5155,-0.4792,,,,,,
,-0.92,,-6.2564,-2.5155,-0.4792,,,,,,
,-0.92,,-6.2564,-2.5155,-0.4792,,,,,,
,-0.92,,-6.2564,-2.5155,-0.4792,,,,,,
,-0.92,,-6.2564,-2.5155,-0.4792,,,,,,
,-0.92,,-6.2564,-2.5155,-0.4792,,,,,,
,-0.92,,-6.2564,-2.5155,-0.4792,,,,,,
,-0.92,,-6.2564,-2.5155,-0.4792,,,,,,
,-0.92,,-6.2564,-2.5155,-0.4792,,,,,,
,-0.92,,-6.2564,-2.5155,-0.4792,,,,,,
,-0.92,,-6.2564,-2.5155,-0.4792,,,,,,
,-0.92,,-6.2564,-2.5155,-0.4792,,,,,,
,-0.92,,-6.2564,-2.5155,-0.4792,,,,,,
,-0.92,,-6.2564,-2.5155,-0.4792,,,,,,
,-0.92,,-6.2564,-2.5155,-0.4792,,,,,,
,-0.9158,,-6.2564,-2.5155,-0.477,,,,,,
,-0.912,,-6.2564,-2.5155,-0.475,,,,,,
,-0.9079,,-6.2564,-2.5155,-0.4729,,,,,,
,-0.9,,-6.2564,-2.5155,-0.4687,,,,,,
,-0.892,,,,,-6.2564,-2.5155,-0.4646,,,
,-0.888,,,,,-6.2564,-2.5155,-0.4625,,,
,-0.888,,,,,-6.2564,-2.5155,-0.4625,,,
,-0.8842,,,,,-6.2564,-2.5155,-0.4605,,,
,-0.88,,,,,-6.2564,-2.5155,-0.4583,,,
,-0.88,,,,,-6.2564,-2.5155,-0.4583,,,
,-0.88,,,,,-6.2564,-2.5155,-0.4583,,,
,-0.88,,,,,-6.2564,-2.5155,-0.4583,,,
,-0.88,,,,,-6.2564,-2.5155,-0.4583,,,
,-0.88,,,,,-6.2564,-2.5155,-0.4583,,,
,-0.8694,,,,,-6.2564,-2.5155,-0.4583,,,
,-0.8664,,,,,-6.2564,-2.5155,-0.4583,,,
,-0.88,,,,,-6.2564,-2.5155,-0.4583,,,
,-0.88,,,,,-6.2564,-2.5155,-0.4583,,,
,-0.88,,,,,-6.2564,-2.5155,-0.4583,,,
,-0.88,,,,,-6.2564,-2.5155,-0.4583,,,
,-0.88,,,,,-6.2564,-2.5155,-0.4583,,,
,-0.88,,,,,-6.2667,-2.5196,-0.4583,,,
,-0.8832,,,,,-6.2922,-2.5298,-0.46,,,
,-0.888,,,,,-6.3176,-2.5401,-0.4625,,,
,-0.8911,,,,,-6.3431,-2.5503,-0.4641,,,
,-0.899,,,,,-6.3686,-2.5606,-0.4682,,,
,-0.907,,,,,-6.3941,-2.5708,-0.4724,,,
,-0.9149,,,,,-6.4196,-2.5811,-0.4765,,,
,-0.9229,,,,,-6.4359,-2.5876,-0.4807,,,
,-0.9308,,,,,-6.445,-2.5913,-0.4848,,,
,-0.9388,,,,,-6.4615,-2.5979,-0.4889,,,
,-0.9467,,,,,-6.4615,-2.5979,-0.4931,,,
,-0.9547,,,,,-6.4615,-2.5979,-0.4972,,,
,-0.96,,,,,-6.4615,-2.5979,-0.5,,,
,-0.9626,,,,,-6.4615,-2.5979,-0.5014,,,
,-0.968,,,,,-6.4615,-2.5979,-0.5042,,,
,-0.9705,,,,,-6.4615,-2.5979,-0.5055,,,
,-0.976,,,,,-6.4615,-2.5979,-0.5083,,,
,-0.9784,,,,,-6.4615,-2.5979,-0.5096,,,
,-0.984,,,,,-6.4615,-2.5979,-0.5125,,,
,-0.984,,,,,-6.4615,-2.5979,-0.5125,,,
,-0.984,,,,,-6.4615,-2.5979,-0.5125,,,
,-0.984,,,,,-6.4615,-2.5979,-0.5125,,,
,-0.984,,,,,-6.4615,-2.5979,-0.5125,,,
,-0.984,,,,,-6.4615,-2.5979,-0.5125,,,
,-0.984,,,,,-6.4615,-2.5979,-0.5125,,,
,-0.984,,,,,-6.4615,-2.5979,-0.5125,,,
,-0.984,,,,,-6.4615,-2.5979,-0.5125,,,
,-0.984,,,,,-6.4615,-2.5979,-0.5125,,,
,-0.984,,,,,-6.4615,-2.5979,-0.5125,,,
,-0.984,,,,,-6.4615,-2.5979,-0.5125,,,
,-0.984,,,,,-6.4615,-2.5979,-0.5125,,,
,-0.984,,,,,-6.4672,-2.6002,-0.5125,,,
,-0.984,,,,,-6.4872,-2.6082,-0.5125,,,
,-0.984,,,,,-6.4926,-2.6104,-0.5125,,,
,-0.984,,,,,-6.5128,-2.6186,-0.5125,,,
,-0.984,,,,,-6.5179,-2.6206,-0.5125,,,
,-0.984,,,,,-6.5385,-2.6289,-0.5125,,,
,-0.984,,,,,-6.5385,-2.6289,-0.5125,,,
,-0.984,,,,,-6.5385,-2.6289,-0.5125,,,
,-0.984,,,,,-6.5385,-2.6289,-0.5125,,,
,-0.9867,,,,,-6.5385,-2.6289,-0.5139,,,
,-0.9974,,,,,-6.5385,-2.6289,-0.5195,,,
,-0.984,,,,,-6.5385,-2.6289,-0.5125,,,
,-0.984,,,,,-6.5385,-2.6289,-0.5125,,,
,-0.984,,,,,-6.5385,-2.6289,-0.5125,,,
,-0.984,,,,,-6.5385,-2.6289,-0.5125,,,
,-0.984,,,,,-6.5385,-2.6289,-0.5125,,,
,-0.984,,,,,-6.5418,-2.6302,-0.5125,,,
,-0.984,,,,,-6.5641,-2.6392,-0.5125,,,
,-0.984,,,,,-6.5671,-2.6404,-0.5125,,,
,-0.984,,,,,-6.5926,-2.6506,-0.5125,,,
,-0.984,,,,,-6.6154,-2.6598,-0.5125,,,
,-0.984,,,,,-6.6154,-2.6598,-0.5125,,,
,-0.984,,,,,-6.6154,-2.6598,-0.5125,,,
,-0.984,,,,,-6.6154,-2.6598,-0.5125,,,
,-0.984,,,,,-6.6154,-2.6598,-0.5125,,,
,-0.984,,,,,-6.6194,-2.6598,-0.5125,,,
,-0.984,,,,,-6.6629,-2.6598,-0.5125,,,
,-0.984,,,,,-6.6154,-2.6598,-0.5125,,,
,-0.984,,,,,-6.6154,-2.6598,-0.5125,,,
,-0.984,,,,,-6.6154,-2.6598,-0.5125,,,
,-0.984,,,,,-6.6154,-2.6598,-0.5125,,,
,-0.984,,,,,-6.6154,-2.6598,-0.5125,,,
,-0.984,,,,,-6.6066,-2.6562,-0.5125,,,
,-0.9835,,,,,-6.3821,-2.566,-0.5122,,,
,-0.9665,,,,,-6.3008,-2.5333,-0.5034,,,
,-0.9118,,,,,-6.0513,-2.433,-0.4749,,,
,-0.9039,,,,,-6.0509,-2.429,-0.4708,,,
,-0.8949,,,,,-6.0293,-2.1791,-0.4666,,,
,-0.7764,,,,,-6.4115,-2.5778,-0.4583,,,
,-0.8878,,,,,-6.743,-2.7111,-0.4625,,,
,-0.9356,,,,,-7.0744,-2.8443,-0.4873,,,
,-1.228,,,,,-8.6454,-3.476,-0.6396,,,
,-1.3262,,,,,-9.1194,-3.6666,-0.6907,,,
,-1.4216,,,,,-9.6033,-3.8611,-0.7404,,,
,-1.9048,,,,,-12.1756,-4.8953,-0.9921,,,
,-2.0819,,,,,-12.9483,-5.206,-1.0843,,,
,-2.7777,,,,,-15.1604,-6.0954,-1.4467,,,
,-3.1584,,,,,-16.9655,-6.8212,-1.645,,,
,-3.3426,,,,,-17.658,-7.0996,-1.7409,,,
,-3.6756,,,,,-18.826,-7.5692,-1.9144,,,
,-4.0999,,,,,-20.6236,-8.292,-2.1354,,,
,-4.2395,,,,,-21.2916,-8.5605,-2.2081,,,
,-4.8686,,,,,-24.1039,-9.6913,-2.5357,,,
,-4.9934,,,,,-24.5922,-9.8876,-2.6007,,,
,-5.073,,,,,-24.896,-10.0097,-2.6422,,,
,-5.3048,,,,,-25.7829,-10.3663,-2.7629,,,
,-5.2704,,,,,-26.0565,-10.4763,-2.745,,,
,-5.2568,,,,,-26.2834,-10.5676,-2.7379,,,
,-5.2275,,,,,-27.2652,-10.9623,-2.7227,,,
,-5.2169,,,,,-27.4752,-11.0467,-2.7172,,,
,-5.202,,,,,-27.5772,-11.0877,-2.7094,,,
,-5.1651,,,,,-27.858,-11.2006,-2.6902,,,
,-5.1531,,,,,-27.6531,-11.1183,-2.6839,,,
,-5.1451,,,,,-27.4389,-11.0321,-2.6797,,,
,-5.1235,,,,,-27.3007,-10.9766,-2.6685,,,
,-5.12,,,,,-27.1732,-10.9253,-2.6667,,,
,-5.1807,,,,,-26.3106,-10.5785,-2.6983,,,
,-5.2121,,,,,-26.0035,-10.455,-2.7146,,,
,-5.216,,,,,-25.8037,-10.3747,-2.7167,,,
,-5.3085,,,,,-25.0915,-10.0883,-2.7649,,,
,-5.2427,,,,,-24.7384,-9.9464,-2.7306,,,
,-5.0546,,,,,-23.8151,-9.5752,-2.6326,,,
,-4.9836,,,,,-22.8066,-9.1697,-2.5957,,,
,-4.9503,,,,,-22.3889,-9.0017,-2.5783,,,
,-4.8419,,,,,-21.7813,-8.7574,-2.5218,,,
,-4.7717,,,,,-21.0321,-8.4562,-2.4852,,,
,-4.6971,,,,,-20.63,-8.2945,-2.4464,,,
,-4.2931,,,,,-18.9839,-7.6327,-2.236,,,
,-4.1282,,,,,-18.2803,-7.3498,-2.1501,,,
,-4.0505,,,,,-17.9489,-7.2166,-2.1096,,,
,-3.8306,,,,,-16.9915,-6.8316,-1.9951,,,
,-3.7135,,,,,-16.485,-6.628,-1.9341,,,
,-3.6359,,,,,-16.1983,-6.5127,-1.8937,,,
,-3.2998,,,,,,,,-14.7707,-5.9387,-1.7187
,-3.1446,,,,,,,,-14.08,-5.661,-1.6378
,-3.0105,,,,,,,,-13.5858,-5.4623,-1.568
,-2.8514,,,,,,,,-12.9316,-5.1993,-1.4851
,-2.7617,,,,,,,,-12.5768,-5.0567,-1.4384
,-2.6465,,,,,,,,-12.1635,-4.8905,-1.3784
,-2.4601,,,,,,,,-11.442,-4.6004,-1.2813
,-2.3605,,,,,,,,-11.0604,-4.447,-1.2294
,-2.1481,,,,,,,,-10.3181,-4.1485,-1.1188
,-2.0307,,,,,,,,-9.9189,-3.988,-1.0576
,-1.983,,,,,,,,-9.7482,-3.9194,-1.0328
,-1.8533,,,,,,,,-9.2722,-3.728,-0.9653
,-1.7675,,,,,,,,-8.9728,-3.6076,-0.9206
,-1.6393,,,,,,,,-8.5273,-3.4285,-0.8538
,-1.4616,,,,,,,,-7.9068,-3.179,-0.7612
,-1.3736,,,,,,,,-7.5908,-3.052,-0.7154
,-1.2972,,,,,,,,-7.3205,-2.9433,-0.6756
,-1.207,,,,,,,,-6.9891,-2.81,-0.6286
,-1.1554,,,,,,,,-6.7894,-2.7298,-0.6018
,-1.0167,,,,,,,,-6.3191,-2.5407,-0.5295
,-0.9289,,,,,,,,-6.0122,-2.4173,-0.4838
,-0.9,,,,,,,,-5.9102,-2.3763,-0.4687
,-0.8335,,,,,,,,-5.6812,-2.2842,-0.4341
,-0.7902,,,,,,,,-5.5326,-2.2245,-0.4116
,-0.7743,,,,,,,,-5.4816,-2.204,-0.4033
,-0.7246,,,,,,,,-5.3071,-2.1338,-0.3774
,-0.6912,,,,,,,,-5.1898,-2.0866,-0.36
,-0.6738,,,,,,,,-5.1492,-2.0703,-0.3509
,-0.6546,,,,,,,,-5.0832,-2.0438,-0.341
,-0.6434,,,,,,,,-5.0364,-2.025,-0.3351
,-0.6354,,,,,,,,-4.9962,-2.0088,-0.3309
,-0.6229,,,,,,,,-4.9307,-1.9824,-0.3244
,-0.6115,,,,,,,,-4.883,-1.9633,-0.3185
,-0.5991,,,,,,,,-4.829,-1.9416,-0.312
,-0.5876,,,,,,,,-4.7808,-1.9222,-0.306
,-0.5796,,,,,,,,-4.7553,-1.9119,-0.3019
,-0.5717,,,,,,,,-4.7298,-1.9017,-0.2978
,-0.5637,,,,,,,,-4.7043,-1.8914,-0.2936
,-0.5516,,,,,,,,-4.6517,-1.8703,-0.2873
,-0.5398,,,,,,,,-4.602,-1.8503,-0.2812
,-0.5319,,,,,,,,-4.5765,-1.84,-0.277
,-0.5239,,,,,,,,-4.551,-1.8298,-0.2729
,-0.5119,,,,,,,,-4.5126,-1.8143,-0.2666
,-0.5,,,,,,,,-4.4744,-1.799,-0.2604
,-0.4921,,,,,,,,-4.4362,-1.7836,-0.2563
,-0.4841,,,,,,,,-4.3978,-1.7682,-0.2521
,-0.4761,,,,,,,,-4.3723,-1.7579,-0.248
,-0.4644,,,,,,,,-4.3101,-1.7329,-0.2419
,-0.4522,,,,,,,,-4.2443,-1.7065,-0.2355
,-0.4443,,,,,,,,-4.2069,-1.6915,-0.2314
,-0.4327,,,,,,,,-4.156,-1.671,-0.2253
,-0.4204,,,,,,,,-4.1166,-1.6551,-0.2189
,-0.4088,,,,,,,,-4.0567,-1.631,-0.2129
,-0.3894,,,,,,,,-3.966,-1.5946,-0.2028
,-0.3725,,,,,,,,-3.9007,-1.5683,-0.194
,-0.3577,,,,,,,,-3.8608,-1.5523,-0.1863
,-0.3406,,,,,,,,-3.8244,-1.5376,-0.1774
,-0.3327,,,,,,,,-3.7841,-1.5215,-0.1733
,-0.3115,,,,,,,,-3.6633,-1.4729,-0.1622
,-0.2815,,,,,,,,-3.5024,-1.4082,-0.1466
,-0.2688,,,,,,,,-3.4666,-1.3938,-0.14
,-0.2513,,,,,,,,-3.4055,-1.3692,-0.1309
,-0.2289,,,,,,,,-3.349,-1.3465,-0.1192
,-0.2148,,,,,,,,-3.3235,-1.3362,-0.1119
,-0.1879,,,,,,,,-3.23,-1.2987,-0.0979
,-0.165,,,,,,,,-3.0834,-1.2397,-0.0859
,-0.1483,,,,,,,,-2.9948,-1.2041,-0.0772
,-0.1222,,,,,,,,-2.8696,-1.1538,-0.0637
,-0.1063,,,,,,,,-2.8114,-1.1304,-0.0554
,-0.0764,,,,,,,,-2.7321,-1.0985,-0.0398
,-0.0345,,,,,,,,-2.5977,-1.0445,-0.018
,-0.0186,,,,,,,,-2.5381,-1.0205,-0.0097
,0.016,,,,,,,,-2.3763,-0.9554,0.0083
,0.0692,,,,,,,,-2.1371,-0.8592,0.0361
,0.0826,,,,,,,,-2.0861,-0.8387,0.043
,0.1082,,,,,,,,-2.0027,-0.8052,0.0563
,0.157,,,,,,,,-1.8736,-0.7533,0.0817
,0.185,,,,,,,,-1.7504,-0.7038,0.0964
,0.2383,,,,,,,,-1.5209,-0.6115,0.1241
,0.2743,,,,,,,,-1.344,-0.5404,0.1429
,0.2938,,,,,,,,-1.2562,-0.5051,0.153
,0.337,,,,,,,,-1.1066,-0.4449,0.1755
,0.3644,,,,,,,,-1.0301,-0.4142,0.1898
,0.404,,,,,,,,-0.8638,-0.3473,0.2104
,0.4842,,,,,,,,-0.5506,-0.2214,0.2522
,0.5022,,,,,,,,-0.4996,-0.2009,0.2616
,0.5341,,,,,,,,-0.3968,-0.1595,0.2782
,0.5799,,,,,,,,-0.1925,-0.0774,0.3021
,0.5978,,,,,,,,-0.123,-0.0494,0.3113
,0.6329,,,,,,,,0.0286,0.0115,0.3297
,0.6935,,,,,,,,0.2169,0.0872,0.3612
,0.7299,,,,,,,,0.308,0.1238,0.3802
,0.799,,,,,,,,0.5151,0.2071,0.4161
,0.8274,,,,,,,,0.6263,0.2518,0.4309
,0.8466,,,,,,,,0.6984,0.2808,0.4409
,0.8752,,,,,,,,0.8308,0.334,0.4558
,0.8911,,,,,,,,0.8818,0.3545,0.4641
,0.9237,,,,,,,,0.9716,0.3906,0.4811
,1.0095,,,,,,,,1.1889,0.478,0.5258
,1.0188,,,,,,,,1.2353,0.4967,0.5306
,1.0361,,,,,,,,1.2741,0.5123,0.5397
,1.0573,,,,,,,,1.3675,0.5498,0.5507
,1.0653,,,,,,,,1.4144,0.5687,0.5548
,1.077,,,,,,,,1.4438,0.5805,0.5609
,1.1052,,,,,,,,1.491,0.5995,0.5756
,1.112,,,,,,,,1.5275,0.6142,0.5792
,1.1131,,,,,,,,1.6013,0.6438,0.5797
,1.12,,,,,,,,1.5094,0.6069,0.5833
,1.123,,,,,,,,1.4775,0.594,0.5833
,1.1411,,,,,,,,1.4041,0.5645,0.5833
,1.12,,,,,,,,1.3531,0.544,0.5833
,1.1148,,,,,,,,1.2714,0.5112,0.5806
,1.0712,,,,,,,,0.9664,0.3886,0.5579
,1.0593,,,,,,,,0.8749,0.3518,0.5517
,1.0145,,,,,,,,0.6549,0.2633,0.5284
,0.9986,,,,,,,,0.5318,0.2138,0.5201
,0.9776,,,,,,,,0.4307,0.1731,0.5092
,0.8992,,,,,,,,0.054,0.0217,0.4683
,0.8389,,,,,,,,-0.2396,-0.0963,0.4369
,0.8174,,,,,,,,-0.3865,-0.1554,0.4257
,0.7182,,,,,,,,-0.8008,-0.322,0.374
,0.6868,,,,,,,,-0.9027,-0.363,0.3577
,0.6552,,,,,,,,-1.0377,-0.4172,0.3412
,0.471,,,,,,,,-1.8246,-0.7336,0.2453
,0.4472,,,,,,,,-1.9275,-0.775,0.2329
,0.4208,,,,,,,,-2.0623,-0.8292,0.2192
,0.3114,,,,,,,,-2.4383,-0.9803,0.1622
,0.2869,,,,,,,,-2.542,-1.022,0.1494
,0.2226,,,,,,,,-2.7498,-1.1056,0.1159
,0.1039,,,,,,,,-3.2828,-1.3199,0.0541
,0.08,,,,,,,,-3.4103,-1.3711,0.0417
